Order,Accession,Country
1,PI 152651,SDN
2,PI 17548,AUS
3,PI 24969,CHN
4,PI 276837,ETH
5,PI 329435,ETH
6,PI 329440,ETH
7,PI 34911,USA
8,PI 35038,USA
9,PI 48770,ZAF
10,PI 533750,
11,PI 533752,
12,PI 533754,
13,PI 533755,
14,PI 533757,
15,PI 533758,
16,PI 533759,
17,PI 533760,
18,PI 533761,
19,PI 533762,
20,PI 533766,
21,PI 533769,
22,PI 533776,
23,PI 533785,USA
24,PI 533788,
25,PI 533789,
26,PI 533792,
27,PI 533794,
28,PI 533799,
29,PI 533800,
30,PI 533807,
31,PI 533810,IND
32,PI 533814,IND
33,PI 533821,TZA
34,PI 533822,TZA
35,PI 533824,NGA
36,PI 533830,SDN
37,PI 533831,SDN
38,PI 533833,UGA
39,PI 533838,NGA
40,PI 533839,NGA
41,PI 533841,NGA
42,PI 533842,IND
43,PI 533843,IND
44,PI 533845,NPL
45,PI 533852,IND
46,PI 533855,IND
47,PI 533856,IND
48,PI 533863,TCD
49,PI 533866,
50,PI 533869,TZA
51,PI 533871,NGA
52,PI 533876,NGA
53,PI 533877,NGA
54,PI 533878,NGA
55,PI 533882,NGA
56,PI 533901,JPN
57,PI 533902,ETH
58,PI 533903,ETH
59,PI 533910,SDN
60,PI 533911,SDN
61,PI 533912,SDN
62,PI 533913,SDN
63,PI 533915,KEN
64,PI 533919,ETH
65,PI 533921,ETH
66,PI 533924,ETH
68,PI 533936,TZA
69,PI 533937,
70,PI 533938,COD
71,PI 533939,ETH
72,PI 533940,TZA
73,PI 533943,IND
74,PI 533948,USA
75,PI 533949,SDN
76,PI 533954,ZAF
77,PI 533955,ZAF
78,PI 533956,COG
79,PI 533957,
80,PI 533961,ZAF
81,PI 533962,SDN
82,PI 533964,SDN
83,PI 533965,UGA
84,PI 533967,UGA
85,PI 533970,UGA
86,PI 533972,UGA
87,PI 533976,ZAF
88,PI 533979,ZAF
89,PI 533980,CHN
90,PI 533985,
91,PI 533986,
92,PI 533987,
93,PI 533989,
94,PI 533991,
95,PI 533996,
96,PI 533997,
97,PI 533998,
98,PI 534009,IND
99,PI 534021,IND
100,PI 534028,IND
101,PI 534037,TCD
102,PI 534046,
103,PI 534047,
104,PI 534053,UGA
105,PI 534054,KEN
106,PI 534063,NGA
107,PI 534070,NGA
108,PI 534075,NGA
109,PI 534079,NGA
111,PI 534092,NGA
112,PI 534096,MLI
113,PI 534097,JPN
114,PI 534099,JPN
115,PI 534101,JPN
116,PI 534104,UGA
117,PI 534105,UGA
118,PI 534108,UGA
119,PI 534112,IND
120,PI 534114,PAK
121,PI 534115,ETH
122,PI 534116,ETH
123,PI 534117,UGA
124,PI 534123,ETH
125,PI 534124,
126,PI 534127,
127,PI 534128,
128,PI 534132,ETH
129,PI 534133,ETH
130,PI 534135,ETH
131,PI 534137,SDN
132,PI 534138,SDN
133,PI 534139,SDN
134,PI 534144,UGA
135,PI 534145,
136,PI 534148,ETH
137,PI 534155,ETH
138,PI 534157,ETH
139,PI 534163,USA
140,PI 534167,
141,PI 540816,USA
142,PI 542406,USA
143,PI 542718,CHN
144,PI 548797,USA
145,PI 552856,USA
146,PI 552861,USA
148,PI 561072,USA
149,PI 561073,USA
150,PI 561472,HND
151,PI 564163,USA
152,PI 564164,USA
153,PI 564165,USA
154,PI 565121,ZWE
155,PI 566819,USA
156,PI 574455,USA
157,PI 576130,IND
158,PI 576332,CHN
159,PI 576333,USA
160,PI 576337,UGA
161,PI 576339,ZWE
162,PI 576340,ZAF
163,PI 576345,ZAF
164,PI 576347,USA
165,PI 576348,USA
166,PI 576349,USA
168,PI 576352,BWA
169,PI 576359,IND
170,PI 576364,IND
171,PI 576366,IND
172,PI 576373,JPN
173,PI 576375,ETH
174,PI 576376,ETH
175,PI 576380,ETH
176,PI 576381,ETH
177,PI 576385,NGA
178,PI 576386,UGA
179,PI 576387,SDN
180,PI 576390,IND
181,PI 576391,IND
182,PI 576393,ETH
183,PI 576394,SDN
184,PI 576396,UGA
185,PI 576399,
186,PI 576401,IND
187,PI 576418,NGA
188,PI 576422,ZAF
189,PI 576425,ETH
190,PI 576426,ETH
191,PI 576428,ETH
192,PI 576434,NGA
193,PI 576435,UGA
194,PI 576437,BRA
195,PI 585291,USA
196,PI 585295,USA
197,PI 595699,USA
198,PI 595702,USA
199,PI 595714,USA
200,PI 595718,USA
201,PI 595720,USA
202,PI 595739,USA
203,PI 595740,USA
204,PI 595741,USA
205,PI 595743,USA
206,PI 595744,USA
207,PI 595745,USA
208,PI 597945,USA
209,PI 597946,USA
210,PI 597949,USA
211,PI 597950,USA
212,PI 597951,USA
213,PI 597952,USA
214,PI 597957,USA
215,PI 597958,USA
216,PI 597960,USA
217,PI 597961,USA
218,PI 597964,USA
219,PI 597965,USA
220,PI 597966,USA
221,PI 597967,USA
222,PI 597968,USA
223,PI 597971,USA
224,PI 597972,USA
225,PI 597973,USA
226,PI 597976,USA
227,PI 597980,USA
228,PI 597982,USA
229,PI 598069,USA
230,PI 598070,USA
231,PI 601816,MLI
232,PI 607931,USA
233,PI 609456,MLI
235,PI 629034,USA
236,PI 629040,USA
237,PI 629059,USA
238,PI 641824,
239,PI 641836,
240,PI 641849,
241,PI 641874,
242,PI 642791,USA
243,PI 642793,USA
244,PI 642992,
245,PI 642998,
246,PI 651492,USA
247,PI 651496,
248,PI 653616,USA
249,PI 653617,USA
250,PI 655970,USA
252,PI 655972,USA
253,PI 655973,USA
254,PI 655974,USA
255,PI 655975,USA
256,PI 655976,USA
257,PI 655977,USA
258,PI 655978,USA
259,PI 655979,USA
260,PI 655980,USA
261,PI 655981,MLI
262,PI 655982,AUS
263,PI 655983,
264,PI 655984,USA
265,PI 655985,USA
266,PI 655986,USA
267,PI 655987,USA
268,PI 655988,USA
269,PI 655989,USA
270,PI 655990,USA
271,PI 655991,USA
272,PI 655992,USA
273,PI 655993,USA
274,PI 655994,USA
275,PI 655995,USA
276,PI 655996,USA
277,PI 655997,USA
278,PI 655998,USA
279,PI 655999,USA
280,PI 656000,USA
281,PI 656001,USA
282,PI 656002,USA
283,PI 656003,USA
284,PI 656004,USA
285,PI 656005,USA
286,PI 656006,USA
287,PI 656007,
288,PI 656008,SLV
289,PI 656009,USA
290,PI 656010,USA
291,PI 656011,USA
292,PI 656012,USA
293,PI 656013,CHN
294,PI 656014,
295,PI 656015,SDN
296,PI 656016,USA
297,PI 656017,USA
298,PI 656018,USA
299,PI 656019,USA
300,PI 656020,USA
301,PI 656021,
302,PI 656022,USA
303,PI 656023,
304,PI 656024,
305,PI 656025,CHN
306,PI 656026,
307,PI 656027,
308,PI 656028,BWA
309,PI 656029,USA
310,PI 656030,USA
311,PI 656031,
312,PI 656032,SEN
313,PI 656033,USA
314,PI 656034,
315,PI 656035,NER
316,PI 656036,
317,PI 656037,ZAF
318,PI 656038,
319,PI 656039,
320,PI 656040,
321,PI 656041,USA
322,PI 656042,
323,PI 656043,
324,PI 656044,ZAF
325,PI 656046,CHN
326,PI 656047,IND
327,PI 656048,MLI
328,PI 656049,BWA
329,PI 656050,
330,PI 656051,NER
331,PI 656052,USA
332,PI 656053,USA
333,PI 656054,MLI
334,PI 656055,USA
335,PI 656056,USA
336,PI 656057,USA
337,PI 656058,USA
338,PI 656059,NIC
339,PI 656060,
340,PI 656061,IND
341,PI 656062,
342,PI 656063,
343,PI 656064,
344,PI 656065,
345,PI 656066,
346,PI 656067,
347,PI 656068,
348,PI 656069,
349,PI 656070,
350,PI 656071,
351,PI 656072,
352,PI 656073,
353,PI 656074,
354,PI 656075,
355,PI 656076,
356,PI 656077,
357,PI 656078,
358,PI 656079,
359,PI 656080,
360,PI 656081,
361,PI 656082,
362,PI 656083,
364,PI 656085,
365,PI 656086,
366,PI 656087,
367,PI 656088,
368,PI 656089,
369,PI 656090,
370,PI 656091,
371,PI 656092,
372,PI 656093,
373,PI 656094,
374,PI 656095,
375,PI 656096,
376,PI 656097,
377,PI 656098,
378,PI 656099,
379,PI 656100,
380,PI 656101,
381,PI 656102,
382,PI 656103,
383,PI 656104,
384,PI 656105,
385,PI 656106,
386,PI 656107,
387,PI 656108,
388,PI 656109,
389,PI 656110,
390,PI 656111,
391,PI 656112,
392,PI 656113,
393,PI 656114,
394,PI 656115,
395,PI 656116,
396,PI 656117,
398,PI 656119,
399,PI 656120,
400,PI 656121,
401,PI 659691,USA
402,PI 659692,USA
403,PI 659693,
404,PI 659694,
405,PI 659695,
406,PI 659696,
407,PI 659753,